{"cameraMode":{"drawMode":0,"name":"Shaded","section":"Shading Mode"},"sceneLighting":false,"audioPlay":false,"sceneViewState":{"showFog":false,"showMaterialUpdate":false,"showSkybox":false,"showFlares":false,"showImageEffects":false,"showParticleSystems":false},"in2DMode":false,"pivot":{"x":-211.57749938964845,"y":11.052398681640625,"z":233.16172790527345},"rotation":{"x":0.1554679274559021,"y":-0.7995994091033936,"z":0.23426339030265809,"w":0.5306516885757446},"size":45.726139068603519,"orthographic":false}