{"cameraMode":{"drawMode":0,"name":"Shaded","section":"Shading Mode"},"sceneLighting":false,"audioPlay":false,"sceneViewState":{"showFog":false,"showMaterialUpdate":false,"showSkybox":false,"showFlares":false,"showImageEffects":false,"showParticleSystems":false},"in2DMode":false,"pivot":{"x":0.0,"y":0.14999130368232728,"z":-0.2453629970550537},"rotation":{"x":-0.054241158068180087,"y":0.9261040091514587,"z":-0.34352174401283266,"w":-0.1462264060974121},"size":6.219057559967041,"orthographic":false}