{"cameraMode":{"drawMode":0,"name":"Shaded","section":"Shading Mode"},"sceneLighting":false,"audioPlay":false,"sceneViewState":{"showFog":false,"showMaterialUpdate":false,"showSkybox":false,"showFlares":false,"showImageEffects":false,"showParticleSystems":false},"in2DMode":false,"pivot":{"x":-161.11239624023438,"y":135.43777465820313,"z":72.36557006835938},"rotation":{"x":0.1084328442811966,"y":0.8093635439872742,"z":-0.5551401972770691,"w":0.15809006989002229},"size":215.47616577148438,"orthographic":false}