{"cameraMode":{"drawMode":0,"name":"Shaded","section":"Shading Mode"},"sceneLighting":false,"audioPlay":false,"sceneViewState":{"showFog":false,"showMaterialUpdate":false,"showSkybox":false,"showFlares":false,"showImageEffects":false,"showParticleSystems":false},"in2DMode":false,"pivot":{"x":-213.87612915039063,"y":6.769160270690918,"z":228.22683715820313},"rotation":{"x":0.1554679274559021,"y":-0.7995994091033936,"z":0.23426339030265809,"w":0.5306516885757446},"size":16.77187156677246,"orthographic":false}