{"cameraMode":{"drawMode":0,"name":"Shaded","section":"Shading Mode"},"sceneLighting":false,"audioPlay":false,"sceneViewState":{"showFog":false,"showMaterialUpdate":false,"showSkybox":false,"showFlares":false,"showImageEffects":false,"showParticleSystems":false},"in2DMode":false,"pivot":{"x":-146.00411987304688,"y":-87.6480712890625,"z":50.50181198120117},"rotation":{"x":-0.054241158068180087,"y":0.9261040091514587,"z":-0.34352174401283266,"w":-0.1462264060974121},"size":3.0626707077026369,"orthographic":false}