{"cameraMode":{"drawMode":0,"name":"Shaded","section":"Shading Mode"},"sceneLighting":false,"audioPlay":false,"sceneViewState":{"showFog":false,"showMaterialUpdate":false,"showSkybox":false,"showFlares":false,"showImageEffects":false,"showParticleSystems":false},"in2DMode":false,"pivot":{"x":-220.46127319335938,"y":9.710805892944336,"z":284.2556457519531},"rotation":{"x":0.07413427531719208,"y":-0.721701979637146,"z":0.07824871689081192,"w":0.683759868144989},"size":42.244842529296878,"orthographic":false}