{"cameraMode":{"drawMode":0,"name":"Shaded","section":"Shading Mode"},"sceneLighting":false,"audioPlay":false,"sceneViewState":{"showFog":false,"showMaterialUpdate":false,"showSkybox":false,"showFlares":false,"showImageEffects":false,"showParticleSystems":false},"in2DMode":false,"pivot":{"x":-203.8878631591797,"y":31.09591293334961,"z":88.28784942626953},"rotation":{"x":-0.054241158068180087,"y":0.9261040091514587,"z":-0.34352174401283266,"w":-0.1462264060974121},"size":2.8578836917877199,"orthographic":false}