{"cameraMode":{"drawMode":0,"name":"Shaded","section":"Shading Mode"},"sceneLighting":false,"audioPlay":false,"sceneViewState":{"showFog":false,"showMaterialUpdate":false,"showSkybox":false,"showFlares":false,"showImageEffects":false,"showParticleSystems":false},"in2DMode":false,"pivot":{"x":-122.39163208007813,"y":5.626743793487549,"z":1.466201901435852},"rotation":{"x":0.11410404741764069,"y":0.8402508497238159,"z":-0.4931066334247589,"w":0.19443435966968537},"size":36.543739318847659,"orthographic":false}