{"cameraMode":{"drawMode":0,"name":"Shaded","section":"Shading Mode"},"sceneLighting":false,"audioPlay":false,"sceneViewState":{"showFog":false,"showMaterialUpdate":false,"showSkybox":false,"showFlares":false,"showImageEffects":false,"showParticleSystems":false},"in2DMode":false,"pivot":{"x":-211.57749938964845,"y":11.052398681640625,"z":233.16172790527345},"rotation":{"x":0.4967672526836395,"y":-0.38061773777008059,"z":0.25672152638435366,"w":0.7365096807479858},"size":15.680283546447754,"orthographic":false}