{"cameraMode":{"drawMode":0,"name":"Shaded","section":"Shading Mode"},"sceneLighting":false,"audioPlay":false,"sceneViewState":{"showFog":false,"showMaterialUpdate":false,"showSkybox":false,"showFlares":false,"showImageEffects":false,"showParticleSystems":false},"in2DMode":false,"pivot":{"x":-227.64578247070313,"y":0.25753653049468996,"z":213.12132263183595},"rotation":{"x":-0.4939250946044922,"y":-0.5035269856452942,"z":0.4643080532550812,"w":-0.5356460213661194},"size":13.336639404296875,"orthographic":false}