{"cameraMode":{"drawMode":0,"name":"Shaded","section":"Shading Mode"},"sceneLighting":false,"audioPlay":false,"sceneViewState":{"showFog":false,"showMaterialUpdate":false,"showSkybox":false,"showFlares":false,"showImageEffects":false,"showParticleSystems":false},"in2DMode":false,"pivot":{"x":415.1510925292969,"y":-70.84101867675781,"z":-174.2767333984375},"rotation":{"x":-0.22395457327365876,"y":-0.5234885811805725,"z":0.1448792666196823,"w":-0.8092058897018433},"size":175.73602294921876,"orthographic":false}