{"cameraMode":{"drawMode":0,"name":"Shaded","section":"Shading Mode"},"sceneLighting":false,"audioPlay":false,"sceneViewState":{"showFog":false,"showMaterialUpdate":false,"showSkybox":false,"showFlares":false,"showImageEffects":false,"showParticleSystems":false},"in2DMode":false,"pivot":{"x":-1.9299999475479127,"y":0.14999130368232728,"z":-9.5367431640625e-7},"rotation":{"x":-0.15075302124023438,"y":-0.8398218154907227,"z":0.4308358430862427,"w":-0.2938593924045563},"size":6.908360958099365,"orthographic":false}