{"cameraMode":{"drawMode":0,"name":"Shaded","section":"Shading Mode"},"sceneLighting":false,"audioPlay":false,"sceneViewState":{"showFog":false,"showMaterialUpdate":false,"showSkybox":false,"showFlares":false,"showImageEffects":false,"showParticleSystems":false},"in2DMode":false,"pivot":{"x":-1.9666041135787964,"y":-1.5516448020935059,"z":1.053810477256775},"rotation":{"x":0.4658010005950928,"y":-0.23917430639266969,"z":0.13237595558166505,"w":0.841606616973877},"size":4.383143424987793,"orthographic":false}