{"cameraMode":{"drawMode":0,"name":"Shaded","section":"Shading Mode"},"sceneLighting":false,"audioPlay":false,"sceneViewState":{"showFog":false,"showMaterialUpdate":false,"showSkybox":false,"showFlares":false,"showImageEffects":false,"showParticleSystems":false},"in2DMode":false,"pivot":{"x":0.07000002264976502,"y":-0.16999995708465577,"z":2.3499999046325685},"rotation":{"x":-0.054241158068180087,"y":0.9261040091514587,"z":-0.34352174401283266,"w":-0.1462264060974121},"size":8.332094192504883,"orthographic":false}