{"cameraMode":{"drawMode":0,"name":"Shaded","section":"Shading Mode"},"sceneLighting":false,"audioPlay":false,"sceneViewState":{"showFog":false,"showMaterialUpdate":false,"showSkybox":false,"showFlares":false,"showImageEffects":false,"showParticleSystems":false},"in2DMode":false,"pivot":{"x":589.6533203125,"y":3.0681967735290529,"z":467.433837890625},"rotation":{"x":-0.4939250946044922,"y":-0.5035269856452942,"z":0.4643080532550812,"w":-0.5356460213661194},"size":12.584299087524414,"orthographic":false}